<?xml version="1.0" encoding="UTF-8" standalone="yes"?>
<addon id="repository.simplerbox" name="SimplerBox" version="0.2" provider-name="yosubis">
    <extension point="xbmc.addon.repository" name="SimplerBox">
        <dir minversion="19.0.0">
            <info compressed="false">https://raw.githubusercontent.com/yosubis/repository.simplerbox/master/matrix/zips/addons.xml</info>
            <checksum>https://raw.githubusercontent.com/yosubis/repository.simplerbox/master/matrix/zips/addons.xml.md5</checksum>
            <datadir zip="true">https://raw.githubusercontent.com/yosubis/repository.simplerbox/master/matrix/zips/</datadir>
        </dir>
    </extension>
    <extension point="xbmc.addon.metadata">
        <summary>SimplerBox</summary>
        <description>Collection of add-ons made to make using Kodi by my parents simpler.</description>
        <disclaimer></disclaimer>
        <platform>all</platform>
        <assets>
            <icon>icon.png</icon>
            <fanart>fanart.jpg</fanart>
        </assets>
    </extension>
</addon>